firstName,lastName,email
Alex,alex,alex@example.com
John,john,john@gmail.com
Wick,wick,wick@wick.com
Json,json,json@example.com
Petter,petter,petter@yahoo.com
Snow,snow ,snow@example.com
Ana,ana,ana@example.com
Taro,taro,taro@raku.com
Sara,sara,sara@example.com
Ema,ema,ema@gmail.com
